# ************************************************************
# Sequel Pro SQL dump
# Version 4541
#
# http://www.sequelpro.com/
# https://github.com/sequelpro/sequelpro
#
# Host: localhost (MySQL 5.6.33)
# Database: ion
# Generation Time: 2016-11-09 20:46:48 +0000
# ************************************************************


/*!40101 SET @OLD_CHARACTER_SET_CLIENT=@@CHARACTER_SET_CLIENT */;
/*!40101 SET @OLD_CHARACTER_SET_RESULTS=@@CHARACTER_SET_RESULTS */;
/*!40101 SET @OLD_COLLATION_CONNECTION=@@COLLATION_CONNECTION */;
/*!40101 SET NAMES utf8 */;
/*!40014 SET @OLD_FOREIGN_KEY_CHECKS=@@FOREIGN_KEY_CHECKS, FOREIGN_KEY_CHECKS=0 */;
/*!40101 SET @OLD_SQL_MODE=@@SQL_MODE, SQL_MODE='NO_AUTO_VALUE_ON_ZERO' */;
/*!40111 SET @OLD_SQL_NOTES=@@SQL_NOTES, SQL_NOTES=0 */;


# Dump of table ci_sessions
# ------------------------------------------------------------

DROP TABLE IF EXISTS `ci_sessions`;

CREATE TABLE `ci_sessions` (
  `id` varchar(128) NOT NULL,
  `ip_address` varchar(45) NOT NULL,
  `timestamp` int(10) unsigned NOT NULL DEFAULT '0',
  `data` blob NOT NULL,
  KEY `ci_sessions_timestamp` (`timestamp`)
) ENGINE=InnoDB DEFAULT CHARSET=utf8;

LOCK TABLES `ci_sessions` WRITE;
/*!40000 ALTER TABLE `ci_sessions` DISABLE KEYS */;

INSERT INTO `ci_sessions` (`id`, `ip_address`, `timestamp`, `data`)
VALUES
	('566e9f349d7ea872a8de98138f096650b5285074','::1',1478715281,X'5F5F63695F6C6173745F726567656E65726174657C693A313437383731353234343B6964656E746974797C733A31353A2261646D696E4061646D696E2E636F6D223B656D61696C7C733A31353A2261646D696E4061646D696E2E636F6D223B757365725F69647C733A313A2231223B6F6C645F6C6173745F6C6F67696E7C733A31303A2231343738363938363538223B'),
	('7e4e2b7415cb848c64b7dab0a93a6a371404b1b9','::1',1478716316,X'5F5F63695F6C6173745F726567656E65726174657C693A313437383731363036373B6964656E746974797C733A32323A226D616E746F6E686F72746F6E40676D61696C2E636F6D223B656D61696C7C733A32323A226D616E746F6E686F72746F6E40676D61696C2E636F6D223B757365725F69647C733A313A2232223B6F6C645F6C6173745F6C6F67696E7C733A31303A2231343738373038373435223B'),
	('d0f2240f2738294fa0b98c352c75374ccce7bebe','::1',1478716516,X'5F5F63695F6C6173745F726567656E65726174657C693A313437383731363531363B6964656E746974797C733A32323A226D616E746F6E686F72746F6E40676D61696C2E636F6D223B656D61696C7C733A32323A226D616E746F6E686F72746F6E40676D61696C2E636F6D223B757365725F69647C733A313A2232223B6F6C645F6C6173745F6C6F67696E7C733A31303A2231343738373038373435223B'),
	('df7e5c288587eb6857db5a6495e6b68c6689b5f2','::1',1478717036,X'5F5F63695F6C6173745F726567656E65726174657C693A313437383731363933393B6964656E746974797C733A32323A226D616E746F6E686F72746F6E40676D61696C2E636F6D223B656D61696C7C733A32323A226D616E746F6E686F72746F6E40676D61696C2E636F6D223B757365725F69647C733A313A2232223B6F6C645F6C6173745F6C6F67696E7C733A31303A2231343738373136313339223B'),
	('25fc89e94fd11878a38fd25e3de669a3404d940a','::1',1478717673,X'5F5F63695F6C6173745F726567656E65726174657C693A313437383731373339353B6964656E746974797C733A32323A226D616E746F6E686F72746F6E40676D61696C2E636F6D223B656D61696C7C733A32323A226D616E746F6E686F72746F6E40676D61696C2E636F6D223B757365725F69647C733A313A2232223B6F6C645F6C6173745F6C6F67696E7C733A31303A2231343738373136313339223B'),
	('9e8b3aaebb58980eabe34af5211b5664ec0be08d','::1',1478717925,X'5F5F63695F6C6173745F726567656E65726174657C693A313437383731373732383B6964656E746974797C733A32323A226D616E746F6E686F72746F6E40676D61696C2E636F6D223B656D61696C7C733A32323A226D616E746F6E686F72746F6E40676D61696C2E636F6D223B757365725F69647C733A313A2232223B6F6C645F6C6173745F6C6F67696E7C733A31303A2231343738373136313339223B'),
	('b2de3c51d9476caef66e3ef790c7ab75368a81ba','::1',1478718011,X'5F5F63695F6C6173745F726567656E65726174657C693A313437383731383031313B'),
	('60b4e5daf6ff0e7a20c54ddec63e1d371996a7e4','::1',1478718011,X'5F5F63695F6C6173745F726567656E65726174657C693A313437383731383031313B'),
	('0a886e892ffa3049ccaf9dd1f0ec35cd7ed39c0e','::1',1478718040,X'5F5F63695F6C6173745F726567656E65726174657C693A313437383731383034303B'),
	('2678bc0e7320f9fee9a0e9ab4dca967b1d513c64','::1',1478718040,X'5F5F63695F6C6173745F726567656E65726174657C693A313437383731383034303B'),
	('b45f6750ea20a5d61cf520b8d1e0b51da1eaf97c','::1',1478718330,X'5F5F63695F6C6173745F726567656E65726174657C693A313437383731383131303B6964656E746974797C733A32323A226D616E746F6E686F72746F6E40676D61696C2E636F6D223B656D61696C7C733A32323A226D616E746F6E686F72746F6E40676D61696C2E636F6D223B757365725F69647C733A313A2232223B6F6C645F6C6173745F6C6F67696E7C733A31303A2231343738373136313339223B'),
	('61c0f583ca17fc8158e85280460bb47d5c216934','::1',1478718941,X'5F5F63695F6C6173745F726567656E65726174657C693A313437383731383639363B6964656E746974797C733A32323A226D616E746F6E686F72746F6E40676D61696C2E636F6D223B656D61696C7C733A32323A226D616E746F6E686F72746F6E40676D61696C2E636F6D223B757365725F69647C733A313A2232223B6F6C645F6C6173745F6C6F67696E7C733A31303A2231343738373136313339223B'),
	('cbe8f96892ac1a7bbbef9f8c58534ee5745de214','::1',1478719030,X'5F5F63695F6C6173745F726567656E65726174657C693A313437383731393033303B6964656E746974797C733A32323A226D616E746F6E686F72746F6E40676D61696C2E636F6D223B656D61696C7C733A32323A226D616E746F6E686F72746F6E40676D61696C2E636F6D223B757365725F69647C733A313A2232223B6F6C645F6C6173745F6C6F67696E7C733A31303A2231343738373136313339223B'),
	('45616248273f8e9e08bd858d9d05ad5371ec3afd','::1',1478719710,X'5F5F63695F6C6173745F726567656E65726174657C693A313437383731393530363B6964656E746974797C733A32323A226D616E746F6E686F72746F6E40676D61696C2E636F6D223B656D61696C7C733A32323A226D616E746F6E686F72746F6E40676D61696C2E636F6D223B757365725F69647C733A313A2232223B6F6C645F6C6173745F6C6F67696E7C733A31303A2231343738373136313339223B'),
	('a3689a3e6227f5d5f30c3f27563785ae64188768','::1',1478720198,X'5F5F63695F6C6173745F726567656E65726174657C693A313437383731393931393B'),
	('f2a01727efbe3a2e4e6a433569f4e8d56a142762','::1',1478720233,X'5F5F63695F6C6173745F726567656E65726174657C693A313437383732303233333B'),
	('de04bec519989e1e0dd91b6572b568c61d552ab5','::1',1478720814,X'5F5F63695F6C6173745F726567656E65726174657C693A313437383732303536393B'),
	('77f894a3c85743cfee7bbf4bb98cd325c7a8173b','::1',1478721177,X'5F5F63695F6C6173745F726567656E65726174657C693A313437383732303930323B6D6573736167657C733A33353A223C703E4163636F756E74205375636365737366756C6C7920437265617465643C2F703E223B5F5F63695F766172737C613A313A7B733A373A226D657373616765223B733A333A226F6C64223B7D'),
	('f7f4b905b8504cae1001ba5a2ad82d02d9e4b630','::1',1478721669,X'5F5F63695F6C6173745F726567656E65726174657C693A313437383732313539333B6D6573736167657C733A33353A223C703E4163636F756E74205375636365737366756C6C7920437265617465643C2F703E223B5F5F63695F766172737C613A313A7B733A373A226D657373616765223B733A333A226F6C64223B7D'),
	('3f4cf4f9d67a83ecbacc86ca8eb02a07d518863f','::1',1478722226,X'5F5F63695F6C6173745F726567656E65726174657C693A313437383732313935343B'),
	('1a82c76ea5204d095cda607986111eb04ebcc309','::1',1478722239,X'5F5F63695F6C6173745F726567656E65726174657C693A313437383732323233393B'),
	('82a88a0c3c71b3a959abb18595c00415ef17d33c','::1',1478722240,X'5F5F63695F6C6173745F726567656E65726174657C693A313437383732323234303B'),
	('fc4884c3008bfdb1263aa8868f6706f8306e2584','::1',1478722269,X'5F5F63695F6C6173745F726567656E65726174657C693A313437383732323236393B'),
	('7a454605d4eaf8feb98ac97f30e2d57baf8d6544','::1',1478722673,X'5F5F63695F6C6173745F726567656E65726174657C693A313437383732323338353B6D6573736167657C733A33353A223C703E4163636F756E74205375636365737366756C6C7920437265617465643C2F703E223B5F5F63695F766172737C613A313A7B733A373A226D657373616765223B733A333A226F6C64223B7D'),
	('8c51b670c1f3c85f9687574fda087a36004f3abf','::1',1478723114,X'5F5F63695F6C6173745F726567656E65726174657C693A313437383732323833303B'),
	('587db04dc354d873dca7af4ebb5d07763d0060f1','::1',1478723269,X'5F5F63695F6C6173745F726567656E65726174657C693A313437383732333137353B6D6573736167657C733A33353A223C703E4163636F756E74205375636365737366756C6C7920437265617465643C2F703E223B5F5F63695F766172737C613A313A7B733A373A226D657373616765223B733A333A226F6C64223B7D'),
	('8070240c045712d45d629b1999ebb42a508af7d2','::1',1478723846,X'5F5F63695F6C6173745F726567656E65726174657C693A313437383732333834363B'),
	('1e658e96b69502c0ce7d0e5fc5eabc4c6d54a63e','::1',1478723847,X'5F5F63695F6C6173745F726567656E65726174657C693A313437383732333834373B');

/*!40000 ALTER TABLE `ci_sessions` ENABLE KEYS */;
UNLOCK TABLES;


# Dump of table groups
# ------------------------------------------------------------

DROP TABLE IF EXISTS `groups`;

CREATE TABLE `groups` (
  `id` mediumint(8) unsigned NOT NULL AUTO_INCREMENT,
  `name` varchar(20) NOT NULL,
  `description` varchar(100) NOT NULL,
  PRIMARY KEY (`id`)
) ENGINE=InnoDB DEFAULT CHARSET=utf8;

LOCK TABLES `groups` WRITE;
/*!40000 ALTER TABLE `groups` DISABLE KEYS */;

INSERT INTO `groups` (`id`, `name`, `description`)
VALUES
	(1,'admin','Administrator'),
	(2,'members','General User');

/*!40000 ALTER TABLE `groups` ENABLE KEYS */;
UNLOCK TABLES;


# Dump of table languages
# ------------------------------------------------------------

DROP TABLE IF EXISTS `languages`;

CREATE TABLE `languages` (
  `id` int(11) NOT NULL AUTO_INCREMENT,
  `language_name` varchar(100) NOT NULL,
  `language_directory` varchar(100) NOT NULL,
  `slug` varchar(10) NOT NULL,
  `language_code` varchar(20) DEFAULT NULL,
  `default` tinyint(1) NOT NULL DEFAULT '0',
  PRIMARY KEY (`id`)
) ENGINE=MyISAM DEFAULT CHARSET=utf8;



# Dump of table login_attempts
# ------------------------------------------------------------

DROP TABLE IF EXISTS `login_attempts`;

CREATE TABLE `login_attempts` (
  `id` int(11) unsigned NOT NULL AUTO_INCREMENT,
  `ip_address` varchar(15) NOT NULL,
  `login` varchar(100) NOT NULL,
  `time` int(11) unsigned DEFAULT NULL,
  PRIMARY KEY (`id`)
) ENGINE=InnoDB DEFAULT CHARSET=utf8;



# Dump of table users
# ------------------------------------------------------------

DROP TABLE IF EXISTS `users`;

CREATE TABLE `users` (
  `id` int(11) unsigned NOT NULL AUTO_INCREMENT,
  `ip_address` varchar(45) NOT NULL,
  `username` varchar(100) DEFAULT NULL,
  `password` varchar(255) NOT NULL,
  `salt` varchar(255) DEFAULT NULL,
  `email` varchar(100) NOT NULL,
  `activation_code` varchar(40) DEFAULT NULL,
  `forgotten_password_code` varchar(40) DEFAULT NULL,
  `forgotten_password_time` int(11) unsigned DEFAULT NULL,
  `remember_code` varchar(40) DEFAULT NULL,
  `created_on` int(11) unsigned NOT NULL,
  `last_login` int(11) unsigned DEFAULT NULL,
  `active` tinyint(1) unsigned DEFAULT NULL,
  `first_name` varchar(50) DEFAULT NULL,
  `last_name` varchar(50) DEFAULT NULL,
  `company` varchar(100) DEFAULT NULL,
  `phone` varchar(20) DEFAULT NULL,
  PRIMARY KEY (`id`)
) ENGINE=InnoDB DEFAULT CHARSET=utf8;

LOCK TABLES `users` WRITE;
/*!40000 ALTER TABLE `users` DISABLE KEYS */;

INSERT INTO `users` (`id`, `ip_address`, `username`, `password`, `salt`, `email`, `activation_code`, `forgotten_password_code`, `forgotten_password_time`, `remember_code`, `created_on`, `last_login`, `active`, `first_name`, `last_name`, `company`, `phone`)
VALUES
	(1,'127.0.0.1','administrator','$2a$07$SeBknntpZror9uyftVopmu61qg0ms8Qv1yV6FG.kQOSM.9QhmTo36','','admin@admin.com','',NULL,NULL,NULL,1268889823,1478716944,1,'Admin','istrator','ADMIN','0'),
	(2,'::1','mhorton','$2y$08$nfRX/w.VQ6tAgK0GvX2lUOcJ67/9B1yaCof026Yc42f0icfylYFxW',NULL,'mantonhorton@gmail.com',NULL,NULL,NULL,NULL,1478109825,1478717024,1,'Manton','Horton Jr.','',''),
	(3,'::1','yekcim','$2y$08$.IGrDJ.sSx8ra59l7fSrM.RHLxdt98zlSbapBPTxshIYuTNy9WGiq',NULL,'mantonho@gmail.com',NULL,NULL,NULL,NULL,1478721177,NULL,1,'Yekcim','Notroh','why','1234567895'),
	(4,'::1','sgvfrbB','$2y$08$4X1IzmmDOCkHbYZEfQEg4OvQiIxu/fF9L5/q1goHe7D5hFD1nd6kK',NULL,'yekcim23@r.com',NULL,NULL,NULL,NULL,1478721669,NULL,1,'kasjbng','gabgbhad','gnadgngafgn','4566322'),
	(5,'::1','holmes','$2y$08$eocSQrLtOaOFu73vw8MjLOtBkYELQz3CPo7JLrWnvKwb4g7Zn/qMK',NULL,'trya@gmail.com',NULL,NULL,NULL,NULL,1478722034,NULL,1,'tret','yetr','qhutr','4566322'),
	(6,'::1','WhyNot','$2y$08$xrQamQN0BeMhu98WWRt6r.U1KcO3d4Mo09XcD8pIe.X51XoMQ.6uK',NULL,'youtoo@gmail.com',NULL,NULL,NULL,NULL,1478722433,NULL,1,'read','Abook','Billy Graham','4566322'),
	(7,'::1','WhyNot2','$2y$08$NW9Tcsx2Un9eKIt.pn8SVe6silE0cW04yEOS9ZWcuUUQyW180PYlq',NULL,'ret@scom.com',NULL,NULL,NULL,NULL,1478722506,NULL,1,'read','Abook','Billy Graham','4566322'),
	(8,'::1','WhyNot5','$2y$08$2XF6zgVYYbIh/qMFuLXe2Of7jOOzgoNBOCM1yIUwhCZzp8x04jZG.',NULL,'yet7@gmail.com',NULL,NULL,NULL,NULL,1478722830,NULL,1,'read','Abook','Billy Graham','4566322'),
	(9,'::1','WhyNot7','$2y$08$oLNTjCeOQ/BrIKUTjRqtle8Ra.im.ljl/2Nr3CK59Aadf/RAefG9C',NULL,'tony@gmail.com',NULL,NULL,NULL,NULL,1478723023,NULL,1,'read','Abook','Billy Graham','4566322'),
	(10,'::1','holmes5','$2y$08$q7.o0J9.jdZPjQYLJRU79uG9HrD6ArgIrFTMw8j6idrH7e6vXr6pm',NULL,'hjsdgvhsg@f.com',NULL,NULL,NULL,NULL,1478723269,NULL,1,'tret','yetr','qhutr','4566322');

/*!40000 ALTER TABLE `users` ENABLE KEYS */;
UNLOCK TABLES;


# Dump of table users_groups
# ------------------------------------------------------------

DROP TABLE IF EXISTS `users_groups`;

CREATE TABLE `users_groups` (
  `id` int(11) unsigned NOT NULL AUTO_INCREMENT,
  `user_id` int(11) unsigned NOT NULL,
  `group_id` mediumint(8) unsigned NOT NULL,
  PRIMARY KEY (`id`),
  UNIQUE KEY `uc_users_groups` (`user_id`,`group_id`),
  KEY `fk_users_groups_users1_idx` (`user_id`),
  KEY `fk_users_groups_groups1_idx` (`group_id`),
  CONSTRAINT `fk_users_groups_groups1` FOREIGN KEY (`group_id`) REFERENCES `groups` (`id`) ON DELETE CASCADE ON UPDATE NO ACTION,
  CONSTRAINT `fk_users_groups_users1` FOREIGN KEY (`user_id`) REFERENCES `users` (`id`) ON DELETE CASCADE ON UPDATE NO ACTION
) ENGINE=InnoDB DEFAULT CHARSET=utf8;

LOCK TABLES `users_groups` WRITE;
/*!40000 ALTER TABLE `users_groups` DISABLE KEYS */;

INSERT INTO `users_groups` (`id`, `user_id`, `group_id`)
VALUES
	(1,1,1),
	(2,1,2),
	(3,2,2),
	(4,3,2),
	(5,4,2),
	(6,5,1),
	(7,6,2),
	(8,7,2),
	(9,8,2),
	(10,9,2),
	(11,10,2);

/*!40000 ALTER TABLE `users_groups` ENABLE KEYS */;
UNLOCK TABLES;



/*!40111 SET SQL_NOTES=@OLD_SQL_NOTES */;
/*!40101 SET SQL_MODE=@OLD_SQL_MODE */;
/*!40014 SET FOREIGN_KEY_CHECKS=@OLD_FOREIGN_KEY_CHECKS */;
/*!40101 SET CHARACTER_SET_CLIENT=@OLD_CHARACTER_SET_CLIENT */;
/*!40101 SET CHARACTER_SET_RESULTS=@OLD_CHARACTER_SET_RESULTS */;
/*!40101 SET COLLATION_CONNECTION=@OLD_COLLATION_CONNECTION */;
